{"currentLat": 10.78891, "currentLng": 106.652562}